sample,ASV_incognita_count,ASV_trichiura_count,ASV_count,incognita_pct,sra_id,Country,depth_group
S_C001,2213,355,2568,86.17601246,SRR34280518,Cote d'Ivoire,ASV count < 10k
S_C002,8453,0,8453,100,SRR34280517,Cote d'Ivoire,ASV count < 10k
S_C003,954,323,1277,74.70634299,SRR34280502,Cote d'Ivoire,ASV count < 10k
S_C005,1599,920,2519,63.47757046,SRR34280583,Cote d'Ivoire,ASV count < 10k
S_C006,645,338,983,65.61546287,SRR34280568,Cote d'Ivoire,ASV count < 10k
S_C007,1194,660,1854,64.4012945,SRR34280713,Cote d'Ivoire,ASV count < 10k
S_C009,1035,313,1348,76.78041543,SRR34280698,Cote d'Ivoire,ASV count < 10k
S_C010,770,183,953,80.79748164,SRR34280664,Cote d'Ivoire,ASV count < 10k
S_C016,3007,299,3306,90.95583787,SRR34280178,Cote d'Ivoire,ASV count < 10k
S_C017,15258,350,15608,97.75756023,SRR34280516,Cote d'Ivoire,ASV count > 10k
S_C019,8966,241,9207,97.38242641,SRR34280345,Cote d'Ivoire,ASV count < 10k
S_C020,2677,1536,4213,63.54141942,SRR34280334,Cote d'Ivoire,ASV count < 10k
S_C021,4714,643,5357,87.99701325,SRR34280323,Cote d'Ivoire,ASV count < 10k
S_C022,2460,351,2811,87.51334045,SRR34280824,Cote d'Ivoire,ASV count < 10k
S_C023,1744,217,1961,88.93421724,SRR34280813,Cote d'Ivoire,ASV count < 10k
S_C024,1089,190,1279,85.14464425,SRR34280642,Cote d'Ivoire,ASV count < 10k
S_C026,13116,1519,14635,89.62077212,SRR34280631,Cote d'Ivoire,ASV count > 10k
S_C027,889,485,1374,64.70160116,SRR34280620,Cote d'Ivoire,ASV count < 10k
S_C028,6113,253,6366,96.02576186,SRR34280513,Cote d'Ivoire,ASV count < 10k
S_C029,524,1154,1678,31.22765197,SRR34280501,Cote d'Ivoire,ASV count < 10k
S_C030,22562,0,22562,100,SRR34280490,Cote d'Ivoire,ASV count > 10k
S_C031,961,887,1848,52.0021645,SRR34280319,Cote d'Ivoire,ASV count < 10k
S_C032,2661,646,3307,80.46567886,SRR34280308,Cote d'Ivoire,ASV count < 10k
S_C033,3120,121,3241,96.26658439,SRR34280297,Cote d'Ivoire,ASV count < 10k
S_C034,2662,488,3150,84.50793651,SRR34280798,Cote d'Ivoire,ASV count < 10k
S_C035,40431,0,40431,100,SRR34280787,Cote d'Ivoire,ASV count > 10k
S_C036,951,0,951,100,SRR34280776,Cote d'Ivoire,ASV count < 10k
S_C037,677,310,987,68.591692,SRR34280605,Cote d'Ivoire,ASV count < 10k
S_C038,40060,24752,64812,61.80954144,SRR34280594,Cote d'Ivoire,ASV count > 10k
S_C040,35549,1033,36582,97.17620688,SRR34280582,Cote d'Ivoire,ASV count > 10k
S_C044,488,486,974,50.1026694,SRR34280464,Cote d'Ivoire,ASV count < 10k
S_C045,799,181,980,81.53061224,SRR34280453,Cote d'Ivoire,ASV count < 10k
S_C046,15641,470,16111,97.0827385,SRR34280282,Cote d'Ivoire,ASV count > 10k
S_C047,25298,0,25298,100,SRR34280271,Cote d'Ivoire,ASV count > 10k
S_C048,1155,0,1155,100,SRR34280260,Cote d'Ivoire,ASV count < 10k
S_C049,8621,108,8729,98.76274487,SRR34280761,Cote d'Ivoire,ASV count < 10k
S_C050,4925,365,5290,93.10018904,SRR34280750,Cote d'Ivoire,ASV count < 10k
S_C051,3913,2074,5987,65.35827627,SRR34280739,Cote d'Ivoire,ASV count < 10k
S_C052,2516,0,2516,100,SRR34280567,Cote d'Ivoire,ASV count < 10k
S_C055,11097,240,11337,97.88303784,SRR34280556,Cote d'Ivoire,ASV count > 10k
S_C056,1766,277,2043,86.44150759,SRR34280449,Cote d'Ivoire,ASV count < 10k
S_C058,3167,34,3201,98.93783193,SRR34280438,Cote d'Ivoire,ASV count < 10k
S_C059,4525,1211,5736,78.88772664,SRR34280427,Cote d'Ivoire,ASV count < 10k
S_C060,1068,634,1702,62.74970623,SRR34280256,Cote d'Ivoire,ASV count < 10k
S_C061,1074,1155,2229,48.18304172,SRR34280245,Cote d'Ivoire,ASV count < 10k
S_C062,50491,0,50491,100,SRR34280234,Cote d'Ivoire,ASV count > 10k
S_C063,2823,1639,4462,63.26759301,SRR34280735,Cote d'Ivoire,ASV count < 10k
S_C064,454,561,1015,44.72906404,SRR34280724,Cote d'Ivoire,ASV count < 10k
S_C065,694,960,1654,41.95888755,SRR34280712,Cote d'Ivoire,ASV count < 10k
S_C066,105731,0,105731,100,SRR34280413,Cote d'Ivoire,ASV count > 10k
S_C067,385,377,762,50.52493438,SRR34280402,Cote d'Ivoire,ASV count < 10k
S_C069,101564,0,101564,100,SRR34280391,Cote d'Ivoire,ASV count > 10k
S_C070,22226,0,22226,100,SRR34280380,Cote d'Ivoire,ASV count > 10k
S_C071,870,200,1070,81.30841121,SRR34280369,Cote d'Ivoire,ASV count < 10k
S_C072,49419,0,49419,100,SRR34280358,Cote d'Ivoire,ASV count > 10k
S_C073,2695,219,2914,92.48455731,SRR34280219,Cote d'Ivoire,ASV count < 10k
S_C075,14446,0,14446,100,SRR34280197,Cote d'Ivoire,ASV count > 10k
S_C076,4858,180,5038,96.42715363,SRR34280697,Cote d'Ivoire,ASV count < 10k
S_C077,469,267,736,63.72282609,SRR34280686,Cote d'Ivoire,ASV count < 10k
S_C078,10056,0,10056,100,SRR34280675,Cote d'Ivoire,ASV count > 10k
S_C079,5004,0,5004,100,SRR34280536,Cote d'Ivoire,ASV count < 10k
S_C080,475,192,667,71.2143928,SRR34280525,Cote d'Ivoire,ASV count < 10k
S_C081,557,963,1520,36.64473684,SRR34280194,Cote d'Ivoire,ASV count < 10k
S_C082,980,0,980,100,SRR34280183,Cote d'Ivoire,ASV count < 10k
S_C083,1661,627,2288,72.59615385,SRR34280844,Cote d'Ivoire,ASV count < 10k
S_C084,2151,153,2304,93.359375,SRR34280673,Cote d'Ivoire,ASV count < 10k
S_C086,3540,0,3540,100,SRR34280665,Cote d'Ivoire,ASV count < 10k
S_C087,3141,0,3141,100,SRR34280663,Cote d'Ivoire,ASV count < 10k
S_C090,745,524,1269,58.70764381,SRR34280661,Cote d'Ivoire,ASV count < 10k
S_C092,641,1337,1978,32.40647118,SRR34280659,Cote d'Ivoire,ASV count < 10k
S_C093,423,1134,1557,27.16763006,SRR34280658,Cote d'Ivoire,ASV count < 10k
S_C094,1963,48,2011,97.6131278,SRR34280657,Cote d'Ivoire,ASV count < 10k
S_C095,1350,290,1640,82.31707317,SRR34280656,Cote d'Ivoire,ASV count < 10k
S_C096,36707,0,36707,100,SRR34280655,Cote d'Ivoire,ASV count > 10k
S_C097,8534,139,8673,98.39732503,SRR34280654,Cote d'Ivoire,ASV count < 10k
S_C098,3148,361,3509,89.71216871,SRR34280652,Cote d'Ivoire,ASV count < 10k
S_C100,2307,257,2564,89.97659906,SRR34280651,Cote d'Ivoire,ASV count < 10k
S_C102,3271,550,3821,85.60586234,SRR34280650,Cote d'Ivoire,ASV count < 10k
S_C103,4843,442,5285,91.63670766,SRR34280649,Cote d'Ivoire,ASV count < 10k
S_C104,23640,0,23640,100,SRR34280648,Cote d'Ivoire,ASV count > 10k
S_C107,1327,0,1327,100,SRR34280647,Cote d'Ivoire,ASV count < 10k
S_C108,3286,884,4170,78.80095923,SRR34280646,Cote d'Ivoire,ASV count < 10k
S_C110,690,819,1509,45.72564612,SRR34280645,Cote d'Ivoire,ASV count < 10k
S_C117,1478,270,1748,84.55377574,SRR34280644,Cote d'Ivoire,ASV count < 10k
S_C118,1318,502,1820,72.41758242,SRR34280643,Cote d'Ivoire,ASV count < 10k
S_C119,2011,525,2536,79.29810726,SRR34280177,Cote d'Ivoire,ASV count < 10k
S_C120,6210,602,6812,91.16265414,SRR34280176,Cote d'Ivoire,ASV count < 10k
S_C121,8908,361,9269,96.10529723,SRR34280175,Cote d'Ivoire,ASV count < 10k
S_C122,16487,506,16993,97.0223033,SRR34280174,Cote d'Ivoire,ASV count > 10k
S_C123,724,766,1490,48.59060403,SRR34280173,Cote d'Ivoire,ASV count < 10k
S_C124,3579,724,4303,83.1745294,SRR34280172,Cote d'Ivoire,ASV count < 10k
S_C127,4724,568,5292,89.26681784,SRR34280171,Cote d'Ivoire,ASV count < 10k
S_C128,15432,0,15432,100,SRR34280170,Cote d'Ivoire,ASV count > 10k
S_C130,527,1406,1933,27.26332126,SRR34280169,Cote d'Ivoire,ASV count < 10k
S_C132,4445,224,4669,95.2023988,SRR34280168,Cote d'Ivoire,ASV count < 10k
S_C134,882,272,1154,76.42980936,SRR34280515,Cote d'Ivoire,ASV count < 10k
S_C135,477,364,841,56.71819263,SRR34280354,Cote d'Ivoire,ASV count < 10k
S_C136,3176,186,3362,94.46757882,SRR34280353,Cote d'Ivoire,ASV count < 10k
S_C140,9904,160,10064,98.41017488,SRR34280352,Cote d'Ivoire,ASV count > 10k
S_C141,3640,383,4023,90.47974149,SRR34280351,Cote d'Ivoire,ASV count < 10k
S_C142,826,223,1049,78.74165872,SRR34280350,Cote d'Ivoire,ASV count < 10k
S_C149,16226,316,16542,98.08971104,SRR34280349,Cote d'Ivoire,ASV count > 10k
S_C156,5121,436,5557,92.15403995,SRR34280348,Cote d'Ivoire,ASV count < 10k
S_C162,642,308,950,67.57894737,SRR34280347,Cote d'Ivoire,ASV count < 10k
S_C163,1224,1499,2723,44.95042233,SRR34280346,Cote d'Ivoire,ASV count < 10k
S_C165,4374,135,4509,97.00598802,SRR34280344,Cote d'Ivoire,ASV count < 10k
S_C168,6894,161,7055,97.71793055,SRR34280342,Cote d'Ivoire,ASV count < 10k
S_C169,34498,0,34498,100,SRR34280341,Cote d'Ivoire,ASV count > 10k
S_C176,1157,1315,2472,46.80420712,SRR34280340,Cote d'Ivoire,ASV count < 10k
S_C179,64176,0,64176,100,SRR34280339,Cote d'Ivoire,ASV count > 10k
S_C180,500,1242,1742,28.70264064,SRR34280338,Cote d'Ivoire,ASV count < 10k
S_C183,2336,1402,3738,62.49331193,SRR34280337,Cote d'Ivoire,ASV count < 10k
S_C188,556,2056,2612,21.2863706,SRR34280336,Cote d'Ivoire,ASV count < 10k
S_C190,129,1191,1320,9.772727273,SRR34280335,Cote d'Ivoire,ASV count < 10k
S_C192,1061,447,1508,70.35809019,SRR34280333,Cote d'Ivoire,ASV count < 10k
S_C196,4850,722,5572,87.04235463,SRR34280332,Cote d'Ivoire,ASV count < 10k
S_C197,1424,677,2101,67.77724893,SRR34280331,Cote d'Ivoire,ASV count < 10k
S_C199,98182,0,98182,100,SRR34280330,Cote d'Ivoire,ASV count > 10k
S_C204,34562,1804,36366,95.03932244,SRR34280329,Cote d'Ivoire,ASV count > 10k
S_C207,424,597,1021,41.52791381,SRR34280328,Cote d'Ivoire,ASV count < 10k
S_C208,604,2000,2604,23.19508449,SRR34280327,Cote d'Ivoire,ASV count < 10k
S_C209,9837,311,10148,96.93535672,SRR34280326,Cote d'Ivoire,ASV count > 10k
S_C216,1859,643,2502,74.30055955,SRR34280325,Cote d'Ivoire,ASV count < 10k
S_C218,218,659,877,24.85746864,SRR34280324,Cote d'Ivoire,ASV count < 10k
S_C219,8820,735,9555,92.30769231,SRR34280834,Cote d'Ivoire,ASV count < 10k
S_C220,28572,827,29399,97.18697915,SRR34280833,Cote d'Ivoire,ASV count > 10k
S_C221,142250,0,142250,100,SRR34280832,Cote d'Ivoire,ASV count > 10k
S_C226,210,429,639,32.86384977,SRR34280831,Cote d'Ivoire,ASV count < 10k
S_C230,12604,249,12853,98.0627091,SRR34280830,Cote d'Ivoire,ASV count > 10k
S_C232,681,1013,1694,40.20070838,SRR34280829,Cote d'Ivoire,ASV count < 10k
S_C233,1501,388,1889,79.46003176,SRR34280828,Cote d'Ivoire,ASV count < 10k
S_C234,893,1087,1980,45.1010101,SRR34280827,Cote d'Ivoire,ASV count < 10k
S_C236,1157,115,1272,90.9591195,SRR34280826,Cote d'Ivoire,ASV count < 10k
S_C237,347,1722,2069,16.77138714,SRR34280825,Cote d'Ivoire,ASV count < 10k
S_C239,15858,0,15858,100,SRR34280823,Cote d'Ivoire,ASV count > 10k
S_C243,388,1319,1707,22.72993556,SRR34280822,Cote d'Ivoire,ASV count < 10k
S_C249,0,1019,1019,0,SRR34280821,Cote d'Ivoire,ASV count < 10k
S_C250,470,707,1177,39.93203059,SRR34280820,Cote d'Ivoire,ASV count < 10k
S_C253,3957,236,4193,94.37157167,SRR34280819,Cote d'Ivoire,ASV count < 10k
S_C256,340,780,1120,30.35714286,SRR34280818,Cote d'Ivoire,ASV count < 10k
S_C257,1084,1114,2198,49.31756142,SRR34280817,Cote d'Ivoire,ASV count < 10k
S_C259,429,1352,1781,24.08759124,SRR34280816,Cote d'Ivoire,ASV count < 10k
S_C261,13892,649,14541,95.53675813,SRR34280815,Cote d'Ivoire,ASV count > 10k
S_C262,1705,43,1748,97.54004577,SRR34280814,Cote d'Ivoire,ASV count < 10k
S_C263,282,633,915,30.81967213,SRR34280812,Cote d'Ivoire,ASV count < 10k
S_C264,2524,795,3319,76.04700211,SRR34280811,Cote d'Ivoire,ASV count < 10k
S_C267,178,1186,1364,13.04985337,SRR34280810,Cote d'Ivoire,ASV count < 10k
S_C268,716,635,1351,52.99777942,SRR34280809,Cote d'Ivoire,ASV count < 10k
S_C269,5290,800,6090,86.863711,SRR34280808,Cote d'Ivoire,ASV count < 10k
S_C275,363,740,1103,32.91024479,SRR34280807,Cote d'Ivoire,ASV count < 10k
S_C279,20545,0,20545,100,SRR34280806,Cote d'Ivoire,ASV count > 10k
S_C286,435,166,601,72.37936772,SRR34280805,Cote d'Ivoire,ASV count < 10k
S_C287,430,1041,1471,29.23181509,SRR34280804,Cote d'Ivoire,ASV count < 10k
S_C289,15723,566,16289,96.52526245,SRR34280803,Cote d'Ivoire,ASV count > 10k
S_C295,11289,951,12240,92.23039216,SRR34280641,Cote d'Ivoire,ASV count > 10k
S_C299,6441,229,6670,96.56671664,SRR34280640,Cote d'Ivoire,ASV count < 10k
S_C300,1637,463,2100,77.95238095,SRR34280639,Cote d'Ivoire,ASV count < 10k
S_C302,2828,661,3489,81.05474348,SRR34280638,Cote d'Ivoire,ASV count < 10k
S_C304,3435,935,4370,78.60411899,SRR34280637,Cote d'Ivoire,ASV count < 10k
S_C305,790,504,1294,61.05100464,SRR34280636,Cote d'Ivoire,ASV count < 10k
S_C307,427,1150,1577,27.07672796,SRR34280635,Cote d'Ivoire,ASV count < 10k
S_C312,315,534,849,37.1024735,SRR34280633,Cote d'Ivoire,ASV count < 10k
S_C313,945,144,1089,86.7768595,SRR34280632,Cote d'Ivoire,ASV count < 10k
S_C314,1986,131,2117,93.81199811,SRR34280630,Cote d'Ivoire,ASV count < 10k
S_C323,444,689,1133,39.18799647,SRR34280629,Cote d'Ivoire,ASV count < 10k
S_C324,8581,377,8958,95.79147131,SRR34280628,Cote d'Ivoire,ASV count < 10k
S_C326,1133,851,1984,57.10685484,SRR34280627,Cote d'Ivoire,ASV count < 10k
S_C330,1007,1789,2796,36.01573677,SRR34280626,Cote d'Ivoire,ASV count < 10k
S_C332,362,391,753,48.07436919,SRR34280625,Cote d'Ivoire,ASV count < 10k
S_C333,444,450,894,49.66442953,SRR34280624,Cote d'Ivoire,ASV count < 10k
S_C335,1781,25,1806,98.61572536,SRR34280623,Cote d'Ivoire,ASV count < 10k
S_C337,1158,909,2067,56.02322206,SRR34280622,Cote d'Ivoire,ASV count < 10k
S_C338,8804,196,9000,97.82222222,SRR34280621,Cote d'Ivoire,ASV count < 10k
S_C339,29741,349,30090,98.84014623,SRR34280619,Cote d'Ivoire,ASV count > 10k
S_C342,457,474,931,49.08700322,SRR34280618,Cote d'Ivoire,ASV count < 10k
S_C343,10693,147,10840,98.64391144,SRR34280617,Cote d'Ivoire,ASV count > 10k
S_C344,13926,0,13926,100,SRR34280616,Cote d'Ivoire,ASV count > 10k
S_C345,716,481,1197,59.81620718,SRR34280615,Cote d'Ivoire,ASV count < 10k
S_C347,7206,0,7206,100,SRR34280614,Cote d'Ivoire,ASV count < 10k
S_C350,575,768,1343,42.81459419,SRR34280613,Cote d'Ivoire,ASV count < 10k
S_C355,9220,269,9489,97.16513858,SRR34280612,Cote d'Ivoire,ASV count < 10k
S_C399,7930,227,8157,97.21711414,SRR34280611,Cote d'Ivoire,ASV count < 10k
S_K001,456,869,1325,34.41509434,SRR34280514,Uganda,ASV count < 10k
S_K002,485,516,1001,48.45154845,SRR34280512,Uganda,ASV count < 10k
S_K003,1575,1122,2697,58.39822024,SRR34280511,Uganda,ASV count < 10k
S_K005,2589,1802,4391,58.96151218,SRR34280509,Uganda,ASV count < 10k
S_K006,5323,194,5517,96.48359616,SRR34280508,Uganda,ASV count < 10k
S_K007,1024,2398,3422,29.92402104,SRR34280507,Uganda,ASV count < 10k
S_K009,438,257,695,63.02158273,SRR34280505,Uganda,ASV count < 10k
S_K010,285,604,889,32.05849269,SRR34280504,Uganda,ASV count < 10k
S_K011,388,5260,5648,6.869688385,SRR34280503,Uganda,ASV count < 10k
S_K012,513,325,838,61.21718377,SRR34280500,Uganda,ASV count < 10k
S_K013,2352,295,2647,88.8553079,SRR34280499,Uganda,ASV count < 10k
S_K014,697,429,1126,61.90053286,SRR34280498,Uganda,ASV count < 10k
S_K015,905,495,1400,64.64285714,SRR34280497,Uganda,ASV count < 10k
S_K017,490,548,1038,47.2061657,SRR34280495,Uganda,ASV count < 10k
S_K018,141,1394,1535,9.185667752,SRR34280494,Uganda,ASV count < 10k
S_K020,723,2698,3421,21.13417129,SRR34280492,Uganda,ASV count < 10k
S_K021,508,207,715,71.04895105,SRR34280491,Uganda,ASV count < 10k
S_K022,611,510,1121,54.50490633,SRR34280489,Uganda,ASV count < 10k
S_K023,7605,356,7961,95.52819997,SRR34280488,Uganda,ASV count < 10k
S_L011,0,55098,55098,0,SRR34280485,Laos,ASV count > 10k
S_L016,0,10144,10144,0,SRR34280484,Laos,ASV count > 10k
S_L018,0,18554,18554,0,SRR34280483,Laos,ASV count > 10k
S_L019,73,617,690,10.57971014,SRR34280322,Laos,ASV count < 10k
S_L027,745,1166,1911,38.9848247,SRR34280321,Laos,ASV count < 10k
S_L029,1105,40,1145,96.50655022,SRR34280320,Laos,ASV count < 10k
S_L033,0,45439,45439,0,SRR34280318,Laos,ASV count > 10k
S_L034,1262,731,1993,63.32162569,SRR34280317,Laos,ASV count < 10k
S_L035,182,1408,1590,11.44654088,SRR34280316,Laos,ASV count < 10k
S_L038,337,399,736,45.78804348,SRR34280315,Laos,ASV count < 10k
S_L041,1307,960,2267,57.65328628,SRR34280314,Laos,ASV count < 10k
S_L044,0,93661,93661,0,SRR34280311,Laos,ASV count > 10k
S_L045,0,52027,52027,0,SRR34280310,Laos,ASV count > 10k
S_L051,187,434,621,30.11272142,SRR34280309,Laos,ASV count < 10k
S_L052,0,52929,52929,0,SRR34280307,Laos,ASV count > 10k
S_L053,0,106581,106581,0,SRR34280306,Laos,ASV count > 10k
S_L064,0,28212,28212,0,SRR34280305,Laos,ASV count > 10k
S_L072,165,1652,1817,9.080902587,SRR34280304,Laos,ASV count < 10k
S_L073,2333,55,2388,97.69681742,SRR34280303,Laos,ASV count < 10k
S_L079,27,607,634,4.258675079,SRR34280302,Laos,ASV count < 10k
S_L085,330,12147,12477,2.644866554,SRR34280301,Laos,ASV count > 10k
S_L088,0,9972,9972,0,SRR34280300,Laos,ASV count < 10k
S_L100,229,1669,1898,12.06533193,SRR34280299,Laos,ASV count < 10k
S_L105,0,65254,65254,0,SRR34280296,Laos,ASV count > 10k
S_L106,776,4030,4806,16.14648356,SRR34280295,Laos,ASV count < 10k
S_L110,371,7567,7938,4.67372134,SRR34280294,Laos,ASV count < 10k
S_L112,60,2382,2442,2.457002457,SRR34280293,Laos,ASV count < 10k
S_L114,0,29978,29978,0,SRR34280292,Laos,ASV count > 10k
S_L119,0,47278,47278,0,SRR34280291,Laos,ASV count > 10k
S_L121,170602,2556,173158,98.52389147,SRR34280802,Laos,ASV count > 10k
S_L122,0,102790,102790,0,SRR34280801,Laos,ASV count > 10k
S_L124,0,4530,4530,0,SRR34280800,Laos,ASV count < 10k
S_L125,0,76418,76418,0,SRR34280799,Laos,ASV count > 10k
S_L126,304,1780,2084,14.58733205,SRR34280797,Laos,ASV count < 10k
S_L130,0,90341,90341,0,SRR34280796,Laos,ASV count > 10k
S_L132,431,1077,1508,28.58090186,SRR34280795,Laos,ASV count < 10k
S_L136,0,122046,122046,0,SRR34280794,Laos,ASV count > 10k
S_L137,100,9031,9131,1.095170299,SRR34280793,Laos,ASV count < 10k
S_L138,117,4690,4807,2.433950489,SRR34280792,Laos,ASV count < 10k
S_L140,0,347732,347732,0,SRR34280790,Laos,ASV count > 10k
S_L141,0,27119,27119,0,SRR34280789,Laos,ASV count > 10k
S_L143,72,3998,4070,1.769041769,SRR34280788,Laos,ASV count < 10k
S_L145,338,13227,13565,2.491706598,SRR34280786,Laos,ASV count > 10k
S_L149,0,48771,48771,0,SRR34280785,Laos,ASV count > 10k
S_L152,5940,3353,9293,63.91907888,SRR34280783,Laos,ASV count < 10k
S_L154,0,46901,46901,0,SRR34280782,Laos,ASV count > 10k
S_L158,537,1783,2320,23.14655172,SRR34280781,Laos,ASV count < 10k
S_L160,550,5650,6200,8.870967742,SRR34280780,Laos,ASV count < 10k
S_L161,103,1692,1795,5.73816156,SRR34280779,Laos,ASV count < 10k
S_L164,1493,12910,14403,10.36589599,SRR34280778,Laos,ASV count > 10k
S_L171,251,2183,2434,10.31224322,SRR34280777,Laos,ASV count < 10k
S_L175,286,479,765,37.38562092,SRR34280775,Laos,ASV count < 10k
S_L176,0,79223,79223,0,SRR34280774,Laos,ASV count > 10k
S_L177,488,961,1449,33.6783989,SRR34280773,Laos,ASV count < 10k
S_L188,230,787,1017,22.61553589,SRR34280772,Laos,ASV count < 10k
S_L189,0,4422,4422,0,SRR34280771,Laos,ASV count < 10k
S_L191,281,1992,2273,12.3625165,SRR34280609,Laos,ASV count < 10k
S_L192,0,11700,11700,0,SRR34280608,Laos,ASV count > 10k
S_L196,336,4368,4704,7.142857143,SRR34280607,Laos,ASV count < 10k
S_L203,282,14417,14699,1.918497857,SRR34280606,Laos,ASV count > 10k
S_L204,635,369,1004,63.24701195,SRR34280604,Laos,ASV count < 10k
S_L209,248,305,553,44.84629295,SRR34280603,Laos,ASV count < 10k
S_L212,222,1200,1422,15.61181435,SRR34280602,Laos,ASV count < 10k
S_L214,0,17374,17374,0,SRR34280601,Laos,ASV count > 10k
S_L217,579,6147,6726,8.60838537,SRR34280600,Laos,ASV count < 10k
S_L218,884,35156,36040,2.452830189,SRR34280599,Laos,ASV count > 10k
S_L225,2647,1322,3969,66.69186193,SRR34280598,Laos,ASV count < 10k
S_L227,202,3529,3731,5.414098097,SRR34280597,Laos,ASV count < 10k
S_L230,0,75999,75999,0,SRR34280596,Laos,ASV count > 10k
S_L231,240,2506,2746,8.739985433,SRR34280595,Laos,ASV count < 10k
S_L233,1659,14181,15840,10.47348485,SRR34280593,Laos,ASV count > 10k
S_L234,0,2840,2840,0,SRR34280592,Laos,ASV count < 10k
S_L237,240,9299,9539,2.515987001,SRR34280591,Laos,ASV count < 10k
S_L238,0,188175,188175,0,SRR34280590,Laos,ASV count > 10k
S_L239,725,63365,64090,1.131221719,SRR34280589,Laos,ASV count > 10k
S_L243,46,2067,2113,2.176999527,SRR34280588,Laos,ASV count < 10k
S_L244,0,100784,100784,0,SRR34280587,Laos,ASV count > 10k
S_L246,0,81459,81459,0,SRR34280586,Laos,ASV count > 10k
S_L247,0,25196,25196,0,SRR34280585,Laos,ASV count > 10k
S_L250,86,2654,2740,3.138686131,SRR34280584,Laos,ASV count < 10k
S_L252,455,22387,22842,1.991944663,SRR34280581,Laos,ASV count > 10k
S_L254,0,1154,1154,0,SRR34280580,Laos,ASV count < 10k
S_L258,0,193140,193140,0,SRR34280579,Laos,ASV count > 10k
S_L259,0,210350,210350,0,SRR34280482,Laos,ASV count > 10k
S_L263,247,360,607,40.69192751,SRR34280481,Laos,ASV count < 10k
S_L266,482,707,1189,40.53826745,SRR34280480,Laos,ASV count < 10k
S_L267,0,63044,63044,0,SRR34280479,Laos,ASV count > 10k
S_L268,0,12701,12701,0,SRR34280478,Laos,ASV count > 10k
S_L271,0,120734,120734,0,SRR34280477,Laos,ASV count > 10k
S_L273,383,214,597,64.15410385,SRR34280474,Laos,ASV count < 10k
S_L279,328,703,1031,31.81377304,SRR34280473,Laos,ASV count < 10k
S_L280,197,11188,11385,1.730346948,SRR34280472,Laos,ASV count > 10k
S_L281,757,24248,25005,3.027394521,SRR34280471,Laos,ASV count > 10k
S_L282,584,220,804,72.63681592,SRR34280470,Laos,ASV count < 10k
S_L283,395,8417,8812,4.482523831,SRR34280469,Laos,ASV count < 10k
S_L285,617,14484,15101,4.085822131,SRR34280468,Laos,ASV count > 10k
S_L287,234,7315,7549,3.099748311,SRR34280467,Laos,ASV count < 10k
S_L291,0,35929,35929,0,SRR34280466,Laos,ASV count > 10k
S_L294,0,29204,29204,0,SRR34280465,Laos,ASV count > 10k
S_L295,93,715,808,11.50990099,SRR34280463,Laos,ASV count < 10k
S_L297,0,261671,261671,0,SRR34280462,Laos,ASV count > 10k
S_L298,0,100250,100250,0,SRR34280461,Laos,ASV count > 10k
S_L299,581,5623,6204,9.364925854,SRR34280460,Laos,ASV count < 10k
S_L304,0,12677,12677,0,SRR34280459,Laos,ASV count > 10k
S_L310,0,29243,29243,0,SRR34280458,Laos,ASV count > 10k
S_L316,0,31548,31548,0,SRR34280457,Laos,ASV count > 10k
S_L319,0,43492,43492,0,SRR34280456,Laos,ASV count > 10k
S_L338,3496,17983,21479,16.27636296,SRR34280455,Laos,ASV count > 10k
S_L349,245,17270,17515,1.398801028,SRR34280454,Laos,ASV count > 10k
S_L358,35,1460,1495,2.341137124,SRR34280452,Laos,ASV count < 10k
S_L360,0,61918,61918,0,SRR34280451,Laos,ASV count > 10k
S_L365,2315,2188,4503,51.410171,SRR34280290,Laos,ASV count < 10k
S_L366,0,46688,46688,0,SRR34280289,Laos,ASV count > 10k
S_L368,1185,5183,6368,18.60866834,SRR34280288,Laos,ASV count < 10k
S_L375,0,32281,32281,0,SRR34280287,Laos,ASV count > 10k
S_L412,2904,31380,34284,8.470423521,SRR34280286,Laos,ASV count > 10k
S_L413,144,1786,1930,7.461139896,SRR34280285,Laos,ASV count < 10k
S_L415,79,4741,4820,1.639004149,SRR34280284,Laos,ASV count < 10k
S_L437,2669,290,2959,90.19939169,SRR34280283,Laos,ASV count < 10k
S_L438,302,18271,18573,1.62601626,SRR34280281,Laos,ASV count > 10k
S_L442,1054,3716,4770,22.09643606,SRR34280280,Laos,ASV count < 10k
S_L445,161,13982,14143,1.13837234,SRR34280279,Laos,ASV count > 10k
S_L447,3732,70926,74658,4.998794503,SRR34280278,Laos,ASV count > 10k
S_L452,797,8520,9317,8.554255662,SRR34280277,Laos,ASV count < 10k
S_L455,19944,10292,30236,65.96110597,SRR34280276,Laos,ASV count > 10k
S_L457,273,22869,23142,1.179673321,SRR34280275,Laos,ASV count > 10k
S_L463,0,10411,10411,0,SRR34280274,Laos,ASV count > 10k
S_L464,0,143198,143198,0,SRR34280273,Laos,ASV count > 10k
S_L476,0,9895,9895,0,SRR34280272,Laos,ASV count < 10k
S_L477,184,1601,1785,10.30812325,SRR34280270,Laos,ASV count < 10k
S_L486,310,2707,3017,10.27510772,SRR34280269,Laos,ASV count < 10k
S_L492,0,49225,49225,0,SRR34280268,Laos,ASV count > 10k
S_L494,581,8948,9529,6.097177039,SRR34280267,Laos,ASV count < 10k
S_L496,0,94099,94099,0,SRR34280266,Laos,ASV count > 10k
S_L501,3136,893,4029,77.83569124,SRR34280265,Laos,ASV count < 10k
S_L502,4915,1176,6091,80.69282548,SRR34280264,Laos,ASV count < 10k
S_L513,3468,802,4270,81.21779859,SRR34280263,Laos,ASV count < 10k
S_L520,1148,302,1450,79.17241379,SRR34280261,Laos,ASV count < 10k
S_L525,957,297,1254,76.31578947,SRR34280259,Laos,ASV count < 10k
S_L526,1408,364,1772,79.45823928,SRR34280770,Laos,ASV count < 10k
S_L535,333,8601,8934,3.727333781,SRR34280769,Laos,ASV count < 10k
S_L537,797,1030,1827,43.62342638,SRR34280768,Laos,ASV count < 10k
S_L539,0,308589,308589,0,SRR34280767,Laos,ASV count > 10k
S_L544,0,153397,153397,0,SRR34280766,Laos,ASV count > 10k
S_L552,5359,153918,159277,3.36457869,SRR34280765,Laos,ASV count > 10k
S_L553,5999,402,6401,93.71973129,SRR34280764,Laos,ASV count < 10k
S_L558,435,3982,4417,9.848313335,SRR34280763,Laos,ASV count < 10k
S_L564,40,1828,1868,2.141327623,SRR34280762,Laos,ASV count < 10k
S_L569,817,814,1631,50.09196812,SRR34280760,Laos,ASV count < 10k
S_L576,1034,9721,10755,9.614132961,SRR34280759,Laos,ASV count > 10k
S_L580,403,20202,20605,1.955835962,SRR34280758,Laos,ASV count > 10k
S_L581,0,27795,27795,0,SRR34280757,Laos,ASV count > 10k
S_L585,785,46347,47132,1.665535093,SRR34280756,Laos,ASV count > 10k
S_L589,157,439,596,26.34228188,SRR34280755,Laos,ASV count < 10k
S_L592,0,17028,17028,0,SRR34280754,Laos,ASV count > 10k
S_L595,286,13141,13427,2.130036494,SRR34280753,Laos,ASV count > 10k
S_L598,220,2988,3208,6.857855362,SRR34280752,Laos,ASV count < 10k
S_L599,536,402,938,57.14285714,SRR34280751,Laos,ASV count < 10k
S_L601,0,120617,120617,0,SRR34280749,Laos,ASV count > 10k
S_L612,0,81824,81824,0,SRR34280748,Laos,ASV count > 10k
S_L614,117,8011,8128,1.439468504,SRR34280747,Laos,ASV count < 10k
S_L616,670,9293,9963,6.724882064,SRR34280746,Laos,ASV count < 10k
S_L617,858,1497,2355,36.43312102,SRR34280745,Laos,ASV count < 10k
S_L631,651,12116,12767,5.099083575,SRR34280744,Laos,ASV count > 10k
S_P001,0,2615,2615,0,SRR34280743,Tanzania,ASV count < 10k
S_P002,0,448005,448005,0,SRR34280742,Tanzania,ASV count > 10k
S_P003,1291,27393,28684,4.500766978,SRR34280741,Tanzania,ASV count > 10k
S_P004,0,36804,36804,0,SRR34280740,Tanzania,ASV count > 10k
S_P005,809,7109,7918,10.21722657,SRR34280578,Tanzania,ASV count < 10k
S_P006,818,6202,7020,11.65242165,SRR34280577,Tanzania,ASV count < 10k
S_P007,75,6027,6102,1.229105211,SRR34280576,Tanzania,ASV count < 10k
S_P008,2247,24521,26768,8.394351464,SRR34280575,Tanzania,ASV count > 10k
S_P009,0,75753,75753,0,SRR34280574,Tanzania,ASV count > 10k
S_P010,0,7273,7273,0,SRR34280573,Tanzania,ASV count < 10k
S_P011,164,890,1054,15.5597723,SRR34280572,Tanzania,ASV count < 10k
S_P012,0,88796,88796,0,SRR34280571,Tanzania,ASV count > 10k
S_P013,0,32875,32875,0,SRR34280570,Tanzania,ASV count > 10k
S_P015,1918,27700,29618,6.475791748,SRR34280569,Tanzania,ASV count > 10k
S_P016,0,409998,409998,0,SRR34280566,Tanzania,ASV count > 10k
S_P017,0,159823,159823,0,SRR34280565,Tanzania,ASV count > 10k
S_P018,643,1601,2244,28.65418895,SRR34280564,Tanzania,ASV count < 10k
S_P019,102,1376,1478,6.901217862,SRR34280563,Tanzania,ASV count < 10k
S_P020,0,8738,8738,0,SRR34280562,Tanzania,ASV count < 10k
S_P021,322,978,1300,24.76923077,SRR34280561,Tanzania,ASV count < 10k
S_P022,0,8141,8141,0,SRR34280560,Tanzania,ASV count < 10k
S_P024,20289,4730,25019,81.09436828,SRR34280559,Tanzania,ASV count > 10k
S_P025,9870,8861,18731,52.69339597,SRR34280558,Tanzania,ASV count > 10k
S_P027,379,4495,4874,7.775954042,SRR34280557,Tanzania,ASV count < 10k
S_P028,0,585322,585322,0,SRR34280555,Tanzania,ASV count > 10k
S_P029,0,18791,18791,0,SRR34280554,Tanzania,ASV count > 10k
S_P030,0,257067,257067,0,SRR34280553,Tanzania,ASV count > 10k
S_P031,223,7422,7645,2.916939176,SRR34280552,Tanzania,ASV count < 10k
S_P033,0,285262,285262,0,SRR34280551,Tanzania,ASV count > 10k
S_P035,0,78666,78666,0,SRR34280550,Tanzania,ASV count > 10k
S_P036,89,2259,2348,3.790459966,SRR34280549,Tanzania,ASV count < 10k
S_P037,0,69746,69746,0,SRR34280548,Tanzania,ASV count > 10k
S_P038,245,1655,1900,12.89473684,SRR34280547,Tanzania,ASV count < 10k
S_P039,550,852,1402,39.2296719,SRR34280450,Tanzania,ASV count < 10k
S_P041,2055,2378,4433,46.35686894,SRR34280448,Tanzania,ASV count < 10k
S_P042,75,2384,2459,3.050020333,SRR34280447,Tanzania,ASV count < 10k
S_P043,4862,715,5577,87.17948718,SRR34280446,Tanzania,ASV count < 10k
S_P044,229,888,1117,20.50134288,SRR34280445,Tanzania,ASV count < 10k
S_P045,291,14004,14295,2.03567681,SRR34280444,Tanzania,ASV count > 10k
S_P047,0,33318,33318,0,SRR34280443,Tanzania,ASV count > 10k
S_P049,0,148646,148646,0,SRR34280442,Tanzania,ASV count > 10k
S_P050,422,34592,35014,1.205232193,SRR34280441,Tanzania,ASV count > 10k
S_P051,0,87159,87159,0,SRR34280440,Tanzania,ASV count > 10k
S_P052,0,276707,276707,0,SRR34280439,Tanzania,ASV count > 10k
S_P056,722,6006,6728,10.73127229,SRR34280437,Tanzania,ASV count < 10k
S_P058,322,3455,3777,8.525284617,SRR34280436,Tanzania,ASV count < 10k
S_P060,157,1942,2099,7.479752263,SRR34280434,Tanzania,ASV count < 10k
S_P061,5147,29921,35068,14.67719859,SRR34280433,Tanzania,ASV count > 10k
S_P062,320,7900,8220,3.892944039,SRR34280432,Tanzania,ASV count < 10k
S_P063,0,169907,169907,0,SRR34280431,Tanzania,ASV count > 10k
S_P064,0,9455,9455,0,SRR34280430,Tanzania,ASV count < 10k
S_P066,0,159695,159695,0,SRR34280429,Tanzania,ASV count > 10k
S_P067,1114,60550,61664,1.806564608,SRR34280428,Tanzania,ASV count > 10k
S_P068,655,8286,8941,7.325802483,SRR34280426,Tanzania,ASV count < 10k
S_P069,155,1197,1352,11.46449704,SRR34280425,Tanzania,ASV count < 10k
S_P070,413,10114,10527,3.923244989,SRR34280424,Tanzania,ASV count > 10k
S_P072,344,10143,10487,3.28025174,SRR34280423,Tanzania,ASV count > 10k
S_P073,440,11661,12101,3.636063135,SRR34280422,Tanzania,ASV count > 10k
S_P074,0,13284,13284,0,SRR34280421,Tanzania,ASV count > 10k
S_P075,127,10362,10489,1.210792259,SRR34280420,Tanzania,ASV count > 10k
S_P076,238,1488,1726,13.78910776,SRR34280419,Tanzania,ASV count < 10k
S_P077,463,752,1215,38.10699588,SRR34280258,Tanzania,ASV count < 10k
S_P079,395,2570,2965,13.32209106,SRR34280257,Tanzania,ASV count < 10k
S_P080,164,7122,7286,2.250892122,SRR34280255,Tanzania,ASV count < 10k
S_P082,909,1459,2368,38.38682432,SRR34280254,Tanzania,ASV count < 10k
S_P084,0,596,596,0,SRR34280253,Tanzania,ASV count < 10k
S_P085,559,31339,31898,1.752460969,SRR34280252,Tanzania,ASV count > 10k
S_P086,578,20730,21308,2.712596208,SRR34280251,Tanzania,ASV count > 10k
S_P087,343,22752,23095,1.48516995,SRR34280250,Tanzania,ASV count > 10k
S_P088,1104,4265,5369,20.56248836,SRR34280249,Tanzania,ASV count < 10k
S_P091,764,6029,6793,11.24687178,SRR34280248,Tanzania,ASV count < 10k
S_P092,0,85937,85937,0,SRR34280247,Tanzania,ASV count > 10k
S_P093,941,3578,4519,20.82319097,SRR34280246,Tanzania,ASV count < 10k
S_P095,217,1925,2142,10.13071895,SRR34280244,Tanzania,ASV count < 10k
S_P096,45,1234,1279,3.518373729,SRR34280243,Tanzania,ASV count < 10k
S_P097,0,59773,59773,0,SRR34280242,Tanzania,ASV count > 10k
S_P098,57,5142,5199,1.096364686,SRR34280241,Tanzania,ASV count < 10k
S_P099,672,1044,1716,39.16083916,SRR34280240,Tanzania,ASV count < 10k
S_P100,390,16468,16858,2.313441689,SRR34280239,Tanzania,ASV count > 10k
S_P101,0,49409,49409,0,SRR34280238,Tanzania,ASV count > 10k
S_P102,139,8162,8301,1.674497049,SRR34280237,Tanzania,ASV count < 10k
S_P103,0,10824,10824,0,SRR34280236,Tanzania,ASV count > 10k
S_P104,96,8919,9015,1.064891847,SRR34280235,Tanzania,ASV count < 10k
S_P106,0,18801,18801,0,SRR34280233,Tanzania,ASV count > 10k
S_P107,1379,6501,7880,17.5,SRR34280232,Tanzania,ASV count < 10k
S_P108,0,31167,31167,0,SRR34280231,Tanzania,ASV count > 10k
S_P109,0,174153,174153,0,SRR34280230,Tanzania,ASV count > 10k
S_P110,0,52410,52410,0,SRR34280229,Tanzania,ASV count > 10k
S_P111,13398,285644,299042,4.480307114,SRR34280228,Tanzania,ASV count > 10k
S_P112,0,288942,288942,0,SRR34280227,Tanzania,ASV count > 10k
S_P113,407,3365,3772,10.79003181,SRR34280738,Tanzania,ASV count < 10k
S_P114,180,6054,6234,2.887391723,SRR34280737,Tanzania,ASV count < 10k
S_P115,917,14560,15477,5.92492085,SRR34280736,Tanzania,ASV count > 10k
S_P116,303,5928,6231,4.86278286,SRR34280734,Tanzania,ASV count < 10k
S_P117,804,13097,13901,5.783756564,SRR34280733,Tanzania,ASV count > 10k
S_P118,0,45325,45325,0,SRR34280732,Tanzania,ASV count > 10k
S_P119,0,34953,34953,0,SRR34280731,Tanzania,ASV count > 10k
S_P120,148,3352,3500,4.228571429,SRR34280730,Tanzania,ASV count < 10k
S_P121,336,1379,1715,19.59183673,SRR34280729,Tanzania,ASV count < 10k
S_P124,146,2118,2264,6.448763251,SRR34280728,Tanzania,ASV count < 10k
S_P126,500,693,1193,41.91114837,SRR34280727,Tanzania,ASV count < 10k
S_P129,642,1717,2359,27.21492158,SRR34280726,Tanzania,ASV count < 10k
S_P130,308,861,1169,26.34730539,SRR34280725,Tanzania,ASV count < 10k
S_P133,252,16791,17043,1.47861292,SRR34280723,Tanzania,ASV count > 10k
S_P138,670,1195,1865,35.92493298,SRR34280722,Tanzania,ASV count < 10k
S_P139,503,1135,1638,30.70818071,SRR34280721,Tanzania,ASV count < 10k
S_P140,6030,1656,7686,78.45433255,SRR34280720,Tanzania,ASV count < 10k
S_P141,327,1706,2033,16.08460403,SRR34280719,Tanzania,ASV count < 10k
S_P144,2889,237982,240871,1.199397188,SRR34280718,Tanzania,ASV count > 10k
S_P148,230,1056,1286,17.88491446,SRR34280717,Tanzania,ASV count < 10k
S_P149,0,56719,56719,0,SRR34280716,Tanzania,ASV count > 10k
S_P151,0,36397,36397,0,SRR34280715,Tanzania,ASV count > 10k
S_P157,772,5123,5895,13.09584394,SRR34280714,Tanzania,ASV count < 10k
S_P158,0,134006,134006,0,SRR34280711,Tanzania,ASV count > 10k
S_P163,222,8887,9109,2.437150071,SRR34280710,Tanzania,ASV count < 10k
S_P166,1164,25681,26845,4.33600298,SRR34280709,Tanzania,ASV count > 10k
S_P169,5484,993,6477,84.66882816,SRR34280708,Tanzania,ASV count < 10k
S_P170,0,226117,226117,0,SRR34280707,Tanzania,ASV count > 10k
S_P172,421,554,975,43.17948718,SRR34280418,Tanzania,ASV count < 10k
S_P177,2519,49355,51874,4.855997224,SRR34280417,Tanzania,ASV count > 10k
S_P180,226,1579,1805,12.52077562,SRR34280416,Tanzania,ASV count < 10k
S_P183,223,352,575,38.7826087,SRR34280415,Tanzania,ASV count < 10k
S_P185,607,1985,2592,23.41820988,SRR34280414,Tanzania,ASV count < 10k
S_P186,0,130003,130003,0,SRR34280412,Tanzania,ASV count > 10k
S_P187,1432,1643,3075,46.56910569,SRR34280411,Tanzania,ASV count < 10k
S_P188,0,27332,27332,0,SRR34280410,Tanzania,ASV count > 10k
S_P190,0,100871,100871,0,SRR34280409,Tanzania,ASV count > 10k
S_P191,0,50055,50055,0,SRR34280408,Tanzania,ASV count > 10k
S_P194,255,468,723,35.26970954,SRR34280407,Tanzania,ASV count < 10k
S_P199,57,2931,2988,1.907630522,SRR34280406,Tanzania,ASV count < 10k
S_P200,153,1777,1930,7.92746114,SRR34280405,Tanzania,ASV count < 10k
S_P203,856,49377,50233,1.704059085,SRR34280404,Tanzania,ASV count > 10k
S_P206,194,7721,7915,2.451042325,SRR34280403,Tanzania,ASV count < 10k
S_P210,384,6492,6876,5.584642234,SRR34280401,Tanzania,ASV count < 10k
S_P214,574,30904,31478,1.823495775,SRR34280400,Tanzania,ASV count > 10k
S_P215,0,9764,9764,0,SRR34280399,Tanzania,ASV count < 10k
S_P217,0,70226,70226,0,SRR34280398,Tanzania,ASV count > 10k
S_P221,0,51017,51017,0,SRR34280397,Tanzania,ASV count > 10k
S_P231,0,174160,174160,0,SRR34280396,Tanzania,ASV count > 10k
S_P235,305,10364,10669,2.858749649,SRR34280395,Tanzania,ASV count > 10k
S_P237,982,514,1496,65.64171123,SRR34280394,Tanzania,ASV count < 10k
S_P238,1002,5513,6515,15.37989256,SRR34280393,Tanzania,ASV count < 10k
S_P240,0,379112,379112,0,SRR34280392,Tanzania,ASV count > 10k
S_P242,339,7387,7726,4.387781517,SRR34280390,Tanzania,ASV count < 10k
S_P243,670,4575,5245,12.77407054,SRR34280389,Tanzania,ASV count < 10k
S_P246,0,114812,114812,0,SRR34280388,Tanzania,ASV count > 10k
S_P248,0,62670,62670,0,SRR34280387,Tanzania,ASV count > 10k
S_P249,0,9461,9461,0,SRR34280386,Tanzania,ASV count < 10k
S_P253,0,48266,48266,0,SRR34280385,Tanzania,ASV count > 10k
S_P254,198,3576,3774,5.246422893,SRR34280384,Tanzania,ASV count < 10k
S_P257,0,29827,29827,0,SRR34280383,Tanzania,ASV count > 10k
S_P258,0,180022,180022,0,SRR34280382,Tanzania,ASV count > 10k
S_P259,0,98565,98565,0,SRR34280381,Tanzania,ASV count > 10k
S_P260,691,1089,1780,38.82022472,SRR34280379,Tanzania,ASV count < 10k
S_P261,239,1209,1448,16.50552486,SRR34280378,Tanzania,ASV count < 10k
S_P262,453,815,1268,35.72555205,SRR34280377,Tanzania,ASV count < 10k
S_P264,388,417,805,48.19875776,SRR34280376,Tanzania,ASV count < 10k
S_P265,0,8681,8681,0,SRR34280375,Tanzania,ASV count < 10k
S_P269,245,2323,2568,9.540498442,SRR34280374,Tanzania,ASV count < 10k
S_P270,0,75050,75050,0,SRR34280373,Tanzania,ASV count > 10k
S_P272,276,12368,12644,2.182853527,SRR34280372,Tanzania,ASV count > 10k
S_P273,620,11058,11678,5.309128275,SRR34280371,Tanzania,ASV count > 10k
S_P276,0,38570,38570,0,SRR34280370,Tanzania,ASV count > 10k
S_P278,411,1357,1768,23.24660633,SRR34280367,Tanzania,ASV count < 10k
S_P279,290,11917,12207,2.375686082,SRR34280366,Tanzania,ASV count > 10k
S_P283,1112,13332,14444,7.698698421,SRR34280365,Tanzania,ASV count > 10k
S_P284,0,138798,138798,0,SRR34280364,Tanzania,ASV count > 10k
S_P286,402,32546,32948,1.220104407,SRR34280363,Tanzania,ASV count > 10k
S_P287,0,96758,96758,0,SRR34280362,Tanzania,ASV count > 10k
S_P288,0,36796,36796,0,SRR34280361,Tanzania,ASV count > 10k
S_P290,0,93047,93047,0,SRR34280360,Tanzania,ASV count > 10k
S_P292,328,10273,10601,3.094047731,SRR34280359,Tanzania,ASV count > 10k
S_P294,0,31127,31127,0,SRR34280357,Tanzania,ASV count > 10k
S_P295,118,1076,1194,9.882747069,SRR34280356,Tanzania,ASV count < 10k
S_P298,558,13735,14293,3.904008955,SRR34280355,Tanzania,ASV count > 10k
S_P299,226,819,1045,21.62679426,SRR34280226,Tanzania,ASV count < 10k
S_P300,152,5168,5320,2.857142857,SRR34280225,Tanzania,ASV count < 10k
S_P304,0,235962,235962,0,SRR34280224,Tanzania,ASV count > 10k
S_P306,2732,165718,168450,1.621846245,SRR34280223,Tanzania,ASV count > 10k
S_P309,0,75930,75930,0,SRR34280222,Tanzania,ASV count > 10k
S_P317,1263,3028,4291,29.43369844,SRR34280221,Tanzania,ASV count < 10k
S_P319,615,5694,6309,9.747979078,SRR34280220,Tanzania,ASV count < 10k
S_P321,0,47798,47798,0,SRR34280218,Tanzania,ASV count > 10k
S_P322,0,169820,169820,0,SRR34280217,Tanzania,ASV count > 10k
S_P323,0,42091,42091,0,SRR34280216,Tanzania,ASV count > 10k
S_P326,0,116368,116368,0,SRR34280215,Tanzania,ASV count > 10k
S_P327,133,9517,9650,1.378238342,SRR34280214,Tanzania,ASV count < 10k
S_P329,435,2483,2918,14.90747087,SRR34280213,Tanzania,ASV count < 10k
S_R001,1136,1792,2928,38.79781421,SRR34280212,Uganda,ASV count < 10k
S_R002,0,200548,200548,0,SRR34280211,Uganda,ASV count > 10k
S_R003,244,604,848,28.77358491,SRR34280210,Uganda,ASV count < 10k
S_R004,627,12898,13525,4.635859519,SRR34280209,Uganda,ASV count > 10k
S_R005,806,138,944,85.38135593,SRR34280207,Uganda,ASV count < 10k
S_R006,1696,1184,2880,58.88888889,SRR34280206,Uganda,ASV count < 10k
S_R007,893,4872,5765,15.49002602,SRR34280205,Uganda,ASV count < 10k
S_R008,169,1276,1445,11.69550173,SRR34280204,Uganda,ASV count < 10k
S_R009,391,238,629,62.16216216,SRR34280203,Uganda,ASV count < 10k
S_R010,287,15134,15421,1.861098502,SRR34280202,Uganda,ASV count > 10k
S_R012,440,852,1292,34.05572755,SRR34280200,Uganda,ASV count < 10k
S_R013,201,696,897,22.40802676,SRR34280199,Uganda,ASV count < 10k
S_R014,365,7349,7714,4.731656728,SRR34280198,Uganda,ASV count < 10k
S_R015,64,984,1048,6.106870229,SRR34280196,Uganda,ASV count < 10k
S_R016,439,196,635,69.13385827,SRR34280195,Uganda,ASV count < 10k
S_R018,0,4220,4220,0,SRR34280706,Uganda,ASV count < 10k
S_R019,374,2088,2462,15.19090171,SRR34280705,Uganda,ASV count < 10k
S_R020,397,609,1006,39.46322068,SRR34280704,Uganda,ASV count < 10k
S_R021,211,4683,4894,4.311401716,SRR34280703,Uganda,ASV count < 10k
S_R022,0,61719,61719,0,SRR34280702,Uganda,ASV count > 10k
S_R023,494,9352,9846,5.017265895,SRR34280701,Uganda,ASV count < 10k
S_R024,0,22424,22424,0,SRR34280700,Uganda,ASV count > 10k
S_R025,123,1066,1189,10.34482759,SRR34280699,Uganda,ASV count < 10k
S_R026,372,6434,6806,5.465765501,SRR34280696,Uganda,ASV count < 10k
S_R027,230,1974,2204,10.43557169,SRR34280695,Uganda,ASV count < 10k
S_R028,261,917,1178,22.15619694,SRR34280694,Uganda,ASV count < 10k
S_R029,0,16645,16645,0,SRR34280693,Uganda,ASV count > 10k
S_R030,297,15186,15483,1.918232901,SRR34280692,Uganda,ASV count > 10k
S_R031,305,18623,18928,1.6113694,SRR34280691,Uganda,ASV count > 10k
S_R032,219,10814,11033,1.984954228,SRR34280690,Uganda,ASV count > 10k
S_R033,160,982,1142,14.01050788,SRR34280689,Uganda,ASV count < 10k
S_R034,553,7799,8352,6.621168582,SRR34280688,Uganda,ASV count < 10k
S_R035,392,4215,4607,8.50879097,SRR34280687,Uganda,ASV count < 10k
S_R036,202,1037,1239,16.30347054,SRR34280685,Uganda,ASV count < 10k
S_R037,0,33303,33303,0,SRR34280684,Uganda,ASV count > 10k
S_R038,195,6918,7113,2.7414593,SRR34280683,Uganda,ASV count < 10k
S_R039,615,17066,17681,3.47831005,SRR34280682,Uganda,ASV count > 10k
S_R040,177,17121,17298,1.023239681,SRR34280681,Uganda,ASV count > 10k
S_R041,384,253,637,60.28257457,SRR34280680,Uganda,ASV count < 10k
S_R042,150,673,823,18.22600243,SRR34280679,Uganda,ASV count < 10k
S_R043,55,3600,3655,1.504787962,SRR34280678,Uganda,ASV count < 10k
S_R044,252,8774,9026,2.791934412,SRR34280677,Uganda,ASV count < 10k
S_R046,634,9018,9652,6.568586821,SRR34280546,Uganda,ASV count < 10k
S_R047,303,25132,25435,1.191271869,SRR34280545,Uganda,ASV count > 10k
S_R048,430,2270,2700,15.92592593,SRR34280544,Uganda,ASV count < 10k
S_R049,1810,23290,25100,7.211155378,SRR34280543,Uganda,ASV count > 10k
S_R050,531,2640,3171,16.74550615,SRR34280542,Uganda,ASV count < 10k
S_R051,235,1030,1265,18.5770751,SRR34280541,Uganda,ASV count < 10k
S_R052,0,21872,21872,0,SRR34280540,Uganda,ASV count > 10k
S_R053,2654,327,2981,89.03052667,SRR34280539,Uganda,ASV count < 10k
S_R054,84,3162,3246,2.58780037,SRR34280538,Uganda,ASV count < 10k
S_R055,426,990,1416,30.08474576,SRR34280537,Uganda,ASV count < 10k
S_R056,109,1704,1813,6.012134584,SRR34280535,Uganda,ASV count < 10k
S_R057,690,550,1240,55.64516129,SRR34280534,Uganda,ASV count < 10k
S_R058,492,2169,2661,18.48928974,SRR34280533,Uganda,ASV count < 10k
S_R059,0,19661,19661,0,SRR34280532,Uganda,ASV count > 10k
S_R060,0,18618,18618,0,SRR34280531,Uganda,ASV count > 10k
S_R061,1203,7343,8546,14.07676106,SRR34280530,Uganda,ASV count < 10k
S_R062,264,23580,23844,1.107196779,SRR34280529,Uganda,ASV count > 10k
S_R063,176,2647,2823,6.234502303,SRR34280528,Uganda,ASV count < 10k
S_R065,246,16417,16663,1.476324791,SRR34280526,Uganda,ASV count > 10k
S_R066,1299,1710,3009,43.17048853,SRR34280524,Uganda,ASV count < 10k
S_R067,702,1506,2208,31.79347826,SRR34280523,Uganda,ASV count < 10k
S_R068,620,892,1512,41.00529101,SRR34280522,Uganda,ASV count < 10k
S_R069,301,1110,1411,21.33238838,SRR34280521,Uganda,ASV count < 10k
S_R070,341,9662,10003,3.408977307,SRR34280520,Uganda,ASV count > 10k
S_R071,0,54741,54741,0,SRR34280519,Uganda,ASV count > 10k
S_R074,0,12791,12791,0,SRR34280180,Uganda,ASV count > 10k
S_R075,38,1785,1823,2.084476138,SRR34280179,Uganda,ASV count < 10k
S_R076,384,512,896,42.85714286,SRR34280193,Uganda,ASV count < 10k
S_R077,268,445,713,37.58765778,SRR34280192,Uganda,ASV count < 10k
S_R078,282,749,1031,27.35208535,SRR34280191,Uganda,ASV count < 10k
S_R079,0,12371,12371,0,SRR34280190,Uganda,ASV count > 10k
S_R080,284,11497,11781,2.410661234,SRR34280189,Uganda,ASV count > 10k
S_R082,0,24095,24095,0,SRR34280187,Uganda,ASV count > 10k
S_R083,419,1107,1526,27.45740498,SRR34280186,Uganda,ASV count < 10k
S_R084,412,971,1383,29.79031092,SRR34280185,Uganda,ASV count < 10k
S_R085,427,556,983,43.43845371,SRR34280184,Uganda,ASV count < 10k
S_R087,7446,0,7446,100,SRR34280853,Uganda,ASV count < 10k
S_R089,866,5049,5915,14.64074387,SRR34280851,Uganda,ASV count < 10k
S_R090,3165,2183,5348,59.18100224,SRR34280850,Uganda,ASV count < 10k
S_R091,2327,467,2794,83.28561203,SRR34280849,Uganda,ASV count < 10k
S_R092,148,6391,6539,2.263343019,SRR34280848,Uganda,ASV count < 10k
S_R093,0,18941,18941,0,SRR34280847,Uganda,ASV count > 10k
S_R094,237,726,963,24.6105919,SRR34280846,Uganda,ASV count < 10k
S_R095,260,2464,2724,9.544787078,SRR34280845,Uganda,ASV count < 10k
S_R096,542,8438,8980,6.035634744,SRR34280843,Uganda,ASV count < 10k
S_R097,1014,5172,6186,16.39185257,SRR34280842,Uganda,ASV count < 10k
S_R098,455,574,1029,44.21768707,SRR34280841,Uganda,ASV count < 10k
S_R099,1040,2399,3439,30.24134923,SRR34280840,Uganda,ASV count < 10k
S_R100,847,5505,6352,13.33438287,SRR34280839,Uganda,ASV count < 10k
S_R101,5247,601,5848,89.72298222,SRR34280838,Uganda,ASV count < 10k
S_R102,1832,213,2045,89.58435208,SRR34280837,Uganda,ASV count < 10k
S_R103,777,432,1209,64.26799007,SRR34280836,Uganda,ASV count < 10k
S_R104,475,543,1018,46.66011788,SRR34280835,Uganda,ASV count < 10k
S_R105,2902,3295,6197,46.82911086,SRR34280674,Uganda,ASV count < 10k
S_R106,450,637,1087,41.39834407,SRR34280672,Uganda,ASV count < 10k
S_R107,99,1204,1303,7.597851113,SRR34280671,Uganda,ASV count < 10k
S_R108,0,142255,142255,0,SRR34280670,Uganda,ASV count > 10k
S_R109,4469,825,5294,84.41632036,SRR34280669,Uganda,ASV count < 10k
S_R110,0,22936,22936,0,SRR34280668,Uganda,ASV count > 10k
S_R111,260,4302,4562,5.699254713,SRR34280667,Uganda,ASV count < 10k
S_R112,706,4525,5231,13.49646339,SRR34280666,Uganda,ASV count < 10k